{
  "model": "RedHatAI/Qwen3.5-4B-FP8-dynamic",
  "prompt_specs": "long4k:/home/ubuntu/Desktop/D-flash-eval/backend_compare/prompts/ctx8192.txt:7300:4",
  "max_tokens": 128,
  "concurrency": 4,
  "warmup_runs_excluded": 1,
  "measured_runs": 5,
  "total_requests": 20,
  "success_count": 20,
  "failure_count": 0,
  "status": "ok",
  "median_batch_elapsed_ms": 2125.0,
  "median_aggregate_tok_per_s": 240.47058823529412,
  "p50_request_elapsed_ms": 2119.5,
  "p95_request_elapsed_ms": 2232.0,
  "p50_ttft_ms": 136.39652729034424,
  "p95_ttft_ms": 249.20988082885742,
  "p50_itl_ms": 15.571832656860352,
  "p95_itl_ms": 15.920400619506836,
  "median_request_tok_per_s": 60.34889203206035,
  "profile_summary": {
    "long4k": {
      "count": 20,
      "prompt_tokens": 0.0,
      "p50_ttft_ms": 136.39652729034424,
      "p95_ttft_ms": 249.20988082885742,
      "p50_itl_ms": 15.571832656860352,
      "p95_itl_ms": 15.920400619506836,
      "p50_elapsed_ms": 2119.5,
      "p95_elapsed_ms": 2232.0
    }
  },
  "warmups": [
    {
      "batch_index": 1,
      "phase": "warmup",
      "concurrency": 4,
      "batch_elapsed_ms": 2475,
      "success_count": 4,
      "failure_count": 0,
      "completion_units": 512,
      "aggregate_tok_per_s": 206.86868686868686,
      "requests": [
        {
          "batch_index": 1,
          "request_index": 1,
          "profile": "long4k",
          "prompt_file": "/home/ubuntu/Desktop/D-flash-eval/backend_compare/prompts/ctx8192.txt",
          "prompt_char_limit": 7300,
          "status": "ok",
          "elapsed_ms": 2470,
          "ttft_ms": 488.35182189941406,
          "mean_itl_ms": 15.595195800300658,
          "p50_itl_ms": 15.595436096191406,
          "p95_itl_ms": 15.903711318969727,
          "content_chunks": 128,
          "prompt_tokens": 0,
          "completion_tokens": 0,
          "total_tokens": 0,
          "completion_units": 128,
          "tok_per_s": 51.821862348178136
        },
        {
          "batch_index": 1,
          "request_index": 2,
          "profile": "long4k",
          "prompt_file": "/home/ubuntu/Desktop/D-flash-eval/backend_compare/prompts/ctx8192.txt",
          "prompt_char_limit": 7300,
          "status": "ok",
          "elapsed_ms": 2468,
          "ttft_ms": 488.32154273986816,
          "mean_itl_ms": 15.593066928893561,
          "p50_itl_ms": 15.588760375976562,
          "p95_itl_ms": 15.889167785644531,
          "content_chunks": 128,
          "prompt_tokens": 0,
          "completion_tokens": 0,
          "total_tokens": 0,
          "completion_units": 128,
          "tok_per_s": 51.86385737439222
        },
        {
          "batch_index": 1,
          "request_index": 3,
          "profile": "long4k",
          "prompt_file": "/home/ubuntu/Desktop/D-flash-eval/backend_compare/prompts/ctx8192.txt",
          "prompt_char_limit": 7300,
          "status": "ok",
          "elapsed_ms": 2472,
          "ttft_ms": 488.05689811706543,
          "mean_itl_ms": 15.621909945029913,
          "p50_itl_ms": 15.574932098388672,
          "p95_itl_ms": 15.845537185668945,
          "content_chunks": 128,
          "prompt_tokens": 0,
          "completion_tokens": 0,
          "total_tokens": 0,
          "completion_units": 128,
          "tok_per_s": 51.77993527508091
        },
        {
          "batch_index": 1,
          "request_index": 4,
          "profile": "long4k",
          "prompt_file": "/home/ubuntu/Desktop/D-flash-eval/backend_compare/prompts/ctx8192.txt",
          "prompt_char_limit": 7300,
          "status": "ok",
          "elapsed_ms": 2470,
          "ttft_ms": 487.3545169830322,
          "mean_itl_ms": 15.614458895105077,
          "p50_itl_ms": 15.582799911499023,
          "p95_itl_ms": 15.870332717895508,
          "content_chunks": 128,
          "prompt_tokens": 0,
          "completion_tokens": 0,
          "total_tokens": 0,
          "completion_units": 128,
          "tok_per_s": 51.821862348178136
        }
      ]
    }
  ],
  "runs": [
    {
      "batch_index": 1,
      "phase": "run",
      "concurrency": 4,
      "batch_elapsed_ms": 2236,
      "success_count": 4,
      "failure_count": 0,
      "completion_units": 511,
      "aggregate_tok_per_s": 228.53309481216456,
      "requests": [
        {
          "batch_index": 1,
          "request_index": 1,
          "profile": "long4k",
          "prompt_file": "/home/ubuntu/Desktop/D-flash-eval/backend_compare/prompts/ctx8192.txt",
          "prompt_char_limit": 7300,
          "status": "ok",
          "elapsed_ms": 2232,
          "ttft_ms": 104.06804084777832,
          "mean_itl_ms": 16.89333953554668,
          "p50_itl_ms": 15.569567680358887,
          "p95_itl_ms": 15.950679779052734,
          "content_chunks": 127,
          "prompt_tokens": 0,
          "completion_tokens": 0,
          "total_tokens": 0,
          "completion_units": 127,
          "tok_per_s": 56.899641577060926
        },
        {
          "batch_index": 1,
          "request_index": 2,
          "profile": "long4k",
          "prompt_file": "/home/ubuntu/Desktop/D-flash-eval/backend_compare/prompts/ctx8192.txt",
          "prompt_char_limit": 7300,
          "status": "ok",
          "elapsed_ms": 2234,
          "ttft_ms": 249.78876113891602,
          "mean_itl_ms": 15.624710894006444,
          "p50_itl_ms": 15.592575073242188,
          "p95_itl_ms": 15.920400619506836,
          "content_chunks": 128,
          "prompt_tokens": 0,
          "completion_tokens": 0,
          "total_tokens": 0,
          "completion_units": 128,
          "tok_per_s": 57.29632945389436
        },
        {
          "batch_index": 1,
          "request_index": 3,
          "profile": "long4k",
          "prompt_file": "/home/ubuntu/Desktop/D-flash-eval/backend_compare/prompts/ctx8192.txt",
          "prompt_char_limit": 7300,
          "status": "ok",
          "elapsed_ms": 2229,
          "ttft_ms": 249.20988082885742,
          "mean_itl_ms": 15.594839111087829,
          "p50_itl_ms": 15.580892562866211,
          "p95_itl_ms": 15.88129997253418,
          "content_chunks": 128,
          "prompt_tokens": 0,
          "completion_tokens": 0,
          "total_tokens": 0,
          "completion_units": 128,
          "tok_per_s": 57.42485419470614
        },
        {
          "batch_index": 1,
          "request_index": 4,
          "profile": "long4k",
          "prompt_file": "/home/ubuntu/Desktop/D-flash-eval/backend_compare/prompts/ctx8192.txt",
          "prompt_char_limit": 7300,
          "status": "ok",
          "elapsed_ms": 2230,
          "ttft_ms": 249.1447925567627,
          "mean_itl_ms": 15.593359789510412,
          "p50_itl_ms": 15.569925308227539,
          "p95_itl_ms": 15.884160995483398,
          "content_chunks": 128,
          "prompt_tokens": 0,
          "completion_tokens": 0,
          "total_tokens": 0,
          "completion_units": 128,
          "tok_per_s": 57.399103139013455
        }
      ]
    },
    {
      "batch_index": 2,
      "phase": "run",
      "concurrency": 4,
      "batch_elapsed_ms": 2118,
      "success_count": 4,
      "failure_count": 0,
      "completion_units": 511,
      "aggregate_tok_per_s": 241.2653446647781,
      "requests": [
        {
          "batch_index": 2,
          "request_index": 1,
          "profile": "long4k",
          "prompt_file": "/home/ubuntu/Desktop/D-flash-eval/backend_compare/prompts/ctx8192.txt",
          "prompt_char_limit": 7300,
          "status": "ok",
          "elapsed_ms": 2112,
          "ttft_ms": 45.1052188873291,
          "mean_itl_ms": 16.41047757769388,
          "p50_itl_ms": 15.573740005493164,
          "p95_itl_ms": 15.865087509155273,
          "content_chunks": 127,
          "prompt_tokens": 0,
          "completion_tokens": 0,
          "total_tokens": 0,
          "completion_units": 127,
          "tok_per_s": 60.13257575757576
        },
        {
          "batch_index": 2,