{
  "model": "RedHatAI/Qwen3.5-4B-FP8-dynamic",
  "prompt_specs": "long4k:/home/ubuntu/Desktop/D-flash-eval/backend_compare/prompts/ctx8192.txt:7300:4",
  "max_tokens": 128,
  "concurrency": 4,
  "warmup_runs_excluded": 1,
  "measured_runs": 5,
  "total_requests": 20,
  "success_count": 20,
  "failure_count": 0,
  "status": "ok",
  "median_batch_elapsed_ms": 4692.0,
  "median_aggregate_tok_per_s": 109.12190963341858,
  "p50_request_elapsed_ms": 4670.0,
  "p95_request_elapsed_ms": 4692.0,
  "p50_ttft_ms": 2031.3726663589478,
  "p95_ttft_ms": 2291.7468547821045,
  "p50_itl_ms": 18.982410430908203,
  "p95_itl_ms": 19.351482391357422,
  "median_request_tok_per_s": 27.409038820178807,
  "profile_summary": {
    "long4k": {
      "count": 20,
      "prompt_tokens": 0.0,
      "p50_ttft_ms": 2031.3726663589478,
      "p95_ttft_ms": 2291.7468547821045,
      "p50_itl_ms": 18.982410430908203,
      "p95_itl_ms": 19.351482391357422,
      "p50_elapsed_ms": 4670.0,
      "p95_elapsed_ms": 4692.0
    }
  },
  "warmups": [
    {
      "batch_index": 1,
      "phase": "warmup",
      "concurrency": 4,
      "batch_elapsed_ms": 4748,
      "success_count": 4,
      "failure_count": 0,
      "completion_units": 512,
      "aggregate_tok_per_s": 107.83487784330244,
      "requests": [
        {
          "batch_index": 1,
          "request_index": 1,
          "profile": "long4k",
          "prompt_file": "/home/ubuntu/Desktop/D-flash-eval/backend_compare/prompts/ctx8192.txt",
          "prompt_char_limit": 7300,
          "status": "ok",
          "elapsed_ms": 4716,
          "ttft_ms": 1904.447317123413,
          "mean_itl_ms": 22.14008804381363,
          "p50_itl_ms": 18.98813247680664,
          "p95_itl_ms": 19.196510314941406,
          "content_chunks": 128,
          "prompt_tokens": 0,
          "completion_tokens": 0,
          "total_tokens": 0,
          "completion_units": 128,
          "tok_per_s": 27.141645462256147
        },
        {
          "batch_index": 1,
          "request_index": 2,
          "profile": "long4k",
          "prompt_file": "/home/ubuntu/Desktop/D-flash-eval/backend_compare/prompts/ctx8192.txt",
          "prompt_char_limit": 7300,
          "status": "ok",
          "elapsed_ms": 4732,
          "ttft_ms": 2268.7461376190186,
          "mean_itl_ms": 19.40263537910041,
          "p50_itl_ms": 18.9821720123291,
          "p95_itl_ms": 19.10996437072754,
          "content_chunks": 128,
          "prompt_tokens": 0,
          "completion_tokens": 0,
          "total_tokens": 0,
          "completion_units": 128,
          "tok_per_s": 27.049873203719358
        },
        {
          "batch_index": 1,
          "request_index": 3,
          "profile": "long4k",
          "prompt_file": "/home/ubuntu/Desktop/D-flash-eval/backend_compare/prompts/ctx8192.txt",
          "prompt_char_limit": 7300,
          "status": "ok",
          "elapsed_ms": 4744,
          "ttft_ms": 2344.088554382324,
          "mean_itl_ms": 18.90341127951314,
          "p50_itl_ms": 18.97883415222168,
          "p95_itl_ms": 19.137144088745117,
          "content_chunks": 128,
          "prompt_tokens": 0,
          "completion_tokens": 0,
          "total_tokens": 0,
          "completion_units": 128,
          "tok_per_s": 26.9814502529511
        },
        {
          "batch_index": 1,
          "request_index": 4,
          "profile": "long4k",
          "prompt_file": "/home/ubuntu/Desktop/D-flash-eval/backend_compare/prompts/ctx8192.txt",
          "prompt_char_limit": 7300,
          "status": "ok",
          "elapsed_ms": 4696,
          "ttft_ms": 1369.2505359649658,
          "mean_itl_ms": 26.197641853272447,
          "p50_itl_ms": 18.98026466369629,
          "p95_itl_ms": 19.170522689819336,
          "content_chunks": 128,
          "prompt_tokens": 0,
          "completion_tokens": 0,
          "total_tokens": 0,
          "completion_units": 128,
          "tok_per_s": 27.2572402044293
        }
      ]
    }
  ],
  "runs": [
    {
      "batch_index": 1,
      "phase": "run",
      "concurrency": 4,
      "batch_elapsed_ms": 4692,
      "success_count": 4,
      "failure_count": 0,
      "completion_units": 512,
      "aggregate_tok_per_s": 109.12190963341858,
      "requests": [
        {
          "batch_index": 1,
          "request_index": 1,
          "profile": "long4k",
          "prompt_file": "/home/ubuntu/Desktop/D-flash-eval/backend_compare/prompts/ctx8192.txt",
          "prompt_char_limit": 7300,
          "status": "ok",
          "elapsed_ms": 4642,
          "ttft_ms": 1314.0242099761963,
          "mean_itl_ms": 26.210062147125484,
          "p50_itl_ms": 18.98503303527832,
          "p95_itl_ms": 19.351482391357422,
          "content_chunks": 128,
          "prompt_tokens": 0,
          "completion_tokens": 0,
          "total_tokens": 0,
          "completion_units": 128,
          "tok_per_s": 27.57432141318397
        },
        {
          "batch_index": 1,
          "request_index": 2,
          "profile": "long4k",
          "prompt_file": "/home/ubuntu/Desktop/D-flash-eval/backend_compare/prompts/ctx8192.txt",
          "prompt_char_limit": 7300,
          "status": "ok",
          "elapsed_ms": 4660,
          "ttft_ms": 1848.1895923614502,
          "mean_itl_ms": 22.146183674729716,
          "p50_itl_ms": 18.976926803588867,
          "p95_itl_ms": 19.316673278808594,
          "content_chunks": 128,
          "prompt_tokens": 0,
          "completion_tokens": 0,
          "total_tokens": 0,
          "completion_units": 128,
          "tok_per_s": 27.467811158798284
        },
        {
          "batch_index": 1,
          "request_index": 3,
          "profile": "long4k",
          "prompt_file": "/home/ubuntu/Desktop/D-flash-eval/backend_compare/prompts/ctx8192.txt",
          "prompt_char_limit": 7300,
          "status": "ok",
          "elapsed_ms": 4677,
          "ttft_ms": 2211.533546447754,
          "mean_itl_ms": 19.415969923725278,
          "p50_itl_ms": 18.982648849487305,
          "p95_itl_ms": 19.282102584838867,
          "content_chunks": 128,
          "prompt_tokens": 0,
          "completion_tokens": 0,
          "total_tokens": 0,
          "completion_units": 128,
          "tok_per_s": 27.367970921530897
        },
        {
          "batch_index": 1,
          "request_index": 4,
          "profile": "long4k",
          "prompt_file": "/home/ubuntu/Desktop/D-flash-eval/backend_compare/prompts/ctx8192.txt",
          "prompt_char_limit": 7300,
          "status": "ok",
          "elapsed_ms": 4689,
          "ttft_ms": 2287.79673576355,
          "mean_itl_ms": 18.91087171599621,
          "p50_itl_ms": 18.979310989379883,
          "p95_itl_ms": 19.22297477722168,
          "content_chunks": 128,
          "prompt_tokens": 0,
          "completion_tokens": 0,
          "total_tokens": 0,
          "completion_units": 128,
          "tok_per_s": 27.2979313286415
        }
      ]
    },
    {
      "batch_index": 2,
      "phase": "run",
      "concurrency": 4,
      "batch_elapsed_ms": 4691,
      "success_count": 4,
      "failure_count": 0,
      "completion_units": 512,
      "aggregate_tok_per_s": 109.14517160520145,
      "requests": [
        {
          "batch_index": 2,
          "request_index": 1,
          "profile": "long4k",
          "prompt_file": "/home/ubuntu/Desktop/D-flash-eval/backend_compare/prompts/ctx8192.txt",
          "prompt_char_limit": 7300,
          "status": "ok",
          "elapsed_ms": 4642,
          "ttft_ms": 1312.3972415924072,
          "mean_itl_ms": 26.217883027444675,
          "p50_itl_ms": 18.9816951751709,
          "p95_itl_ms": 19.23394203186035,
          "content_chunks": 128,
          "prompt_tokens": 0,
          "completion_tokens": 0,
          "total_tokens": 0,
          "completion_units": 128,
          "tok_per_s": 27.57432141318397
        },
        {
          "batch_index": 2,
          "request_index": 2,