{
  "model": "RedHatAI/Qwen3.5-4B-FP8-dynamic",
  "prompt_specs": "long4k:/home/ubuntu/Desktop/D-flash-eval/backend_compare/prompts/ctx8192.txt:7300:4",
  "max_tokens": 128,
  "concurrency": 4,
  "warmup_runs_excluded": 1,
  "measured_runs": 5,
  "total_requests": 20,
  "success_count": 20,
  "failure_count": 0,
  "status": "ok",
  "median_batch_elapsed_ms": 2351.0,
  "median_aggregate_tok_per_s": 217.7796682262867,
  "p50_request_elapsed_ms": 2346.0,
  "p95_request_elapsed_ms": 2451.0,
  "p50_ttft_ms": 368.7220811843872,
  "p95_ttft_ms": 478.29270362854004,
  "p50_itl_ms": 15.501260757446289,
  "p95_itl_ms": 15.841007232666016,
  "median_request_tok_per_s": 54.56096473018679,
  "profile_summary": {
    "long4k": {
      "count": 20,
      "prompt_tokens": 0.0,
      "p50_ttft_ms": 368.7220811843872,
      "p95_ttft_ms": 478.29270362854004,
      "p50_itl_ms": 15.501260757446289,
      "p95_itl_ms": 15.841007232666016,
      "p50_elapsed_ms": 2346.0,
      "p95_elapsed_ms": 2451.0
    }
  },
  "warmups": [
    {
      "batch_index": 1,
      "phase": "warmup",
      "concurrency": 4,
      "batch_elapsed_ms": 3073,
      "success_count": 4,
      "failure_count": 0,
      "completion_units": 511,
      "aggregate_tok_per_s": 166.2870159453303,
      "requests": [
        {
          "batch_index": 1,
          "request_index": 1,
          "profile": "long4k",
          "prompt_file": "/home/ubuntu/Desktop/D-flash-eval/backend_compare/prompts/ctx8192.txt",
          "prompt_char_limit": 7300,
          "status": "ok",
          "elapsed_ms": 3069,
          "ttft_ms": 398.8332748413086,
          "mean_itl_ms": 21.19586392054482,
          "p50_itl_ms": 15.532612800598145,
          "p95_itl_ms": 15.826940536499023,
          "content_chunks": 127,
          "prompt_tokens": 0,
          "completion_tokens": 0,
          "total_tokens": 0,
          "completion_units": 127,
          "tok_per_s": 41.38155751058977
        },
        {
          "batch_index": 1,
          "request_index": 2,
          "profile": "long4k",
          "prompt_file": "/home/ubuntu/Desktop/D-flash-eval/backend_compare/prompts/ctx8192.txt",
          "prompt_char_limit": 7300,
          "status": "ok",
          "elapsed_ms": 3070,
          "ttft_ms": 860.5799674987793,
          "mean_itl_ms": 17.391174796998033,
          "p50_itl_ms": 15.529632568359375,
          "p95_itl_ms": 15.858173370361328,
          "content_chunks": 128,
          "prompt_tokens": 0,
          "completion_tokens": 0,
          "total_tokens": 0,
          "completion_units": 128,
          "tok_per_s": 41.69381107491857
        },
        {
          "batch_index": 1,
          "request_index": 3,
          "profile": "long4k",
          "prompt_file": "/home/ubuntu/Desktop/D-flash-eval/backend_compare/prompts/ctx8192.txt",
          "prompt_char_limit": 7300,
          "status": "ok",
          "elapsed_ms": 3070,
          "ttft_ms": 1093.2810306549072,
          "mean_itl_ms": 15.570411531943975,
          "p50_itl_ms": 15.524625778198242,
          "p95_itl_ms": 15.813827514648438,
          "content_chunks": 128,
          "prompt_tokens": 0,
          "completion_tokens": 0,
          "total_tokens": 0,
          "completion_units": 128,
          "tok_per_s": 41.69381107491857
        },
        {
          "batch_index": 1,
          "request_index": 4,
          "profile": "long4k",
          "prompt_file": "/home/ubuntu/Desktop/D-flash-eval/backend_compare/prompts/ctx8192.txt",
          "prompt_char_limit": 7300,
          "status": "ok",
          "elapsed_ms": 3066,
          "ttft_ms": 1092.7481651306152,
          "mean_itl_ms": 15.544393869835561,
          "p50_itl_ms": 15.530824661254883,
          "p95_itl_ms": 15.769720077514648,
          "content_chunks": 128,
          "prompt_tokens": 0,
          "completion_tokens": 0,
          "total_tokens": 0,
          "completion_units": 128,
          "tok_per_s": 41.74820613176778
        }
      ]
    }
  ],
  "runs": [
    {
      "batch_index": 1,
      "phase": "run",
      "concurrency": 4,
      "batch_elapsed_ms": 2456,
      "success_count": 4,
      "failure_count": 0,
      "completion_units": 512,
      "aggregate_tok_per_s": 208.46905537459284,
      "requests": [
        {
          "batch_index": 1,
          "request_index": 1,
          "profile": "long4k",
          "prompt_file": "/home/ubuntu/Desktop/D-flash-eval/backend_compare/prompts/ctx8192.txt",
          "prompt_char_limit": 7300,
          "status": "ok",
          "elapsed_ms": 2449,
          "ttft_ms": 151.9145965576172,
          "mean_itl_ms": 18.087191844549704,
          "p50_itl_ms": 15.486001968383789,
          "p95_itl_ms": 15.838623046875,
          "content_chunks": 128,
          "prompt_tokens": 0,
          "completion_tokens": 0,
          "total_tokens": 0,
          "completion_units": 128,
          "tok_per_s": 52.26623111474071
        },
        {
          "batch_index": 1,
          "request_index": 2,
          "profile": "long4k",
          "prompt_file": "/home/ubuntu/Desktop/D-flash-eval/backend_compare/prompts/ctx8192.txt",
          "prompt_char_limit": 7300,
          "status": "ok",
          "elapsed_ms": 2450,
          "ttft_ms": 478.29270362854004,
          "mean_itl_ms": 15.528900416817253,
          "p50_itl_ms": 15.49673080444336,
          "p95_itl_ms": 15.751123428344727,
          "content_chunks": 128,
          "prompt_tokens": 0,
          "completion_tokens": 0,
          "total_tokens": 0,
          "completion_units": 128,
          "tok_per_s": 52.24489795918367
        },
        {
          "batch_index": 1,
          "request_index": 3,
          "profile": "long4k",
          "prompt_file": "/home/ubuntu/Desktop/D-flash-eval/backend_compare/prompts/ctx8192.txt",
          "prompt_char_limit": 7300,
          "status": "ok",
          "elapsed_ms": 2453,
          "ttft_ms": 478.3129692077637,
          "mean_itl_ms": 15.540562276765117,
          "p50_itl_ms": 15.491247177124023,
          "p95_itl_ms": 15.787124633789062,
          "content_chunks": 128,
          "prompt_tokens": 0,
          "completion_tokens": 0,
          "total_tokens": 0,
          "completion_units": 128,
          "tok_per_s": 52.1810028536486
        },
        {
          "batch_index": 1,
          "request_index": 4,
          "profile": "long4k",
          "prompt_file": "/home/ubuntu/Desktop/D-flash-eval/backend_compare/prompts/ctx8192.txt",
          "prompt_char_limit": 7300,
          "status": "ok",
          "elapsed_ms": 2451,
          "ttft_ms": 477.83422470092773,
          "mean_itl_ms": 15.527207081712136,
          "p50_itl_ms": 15.484333038330078,
          "p95_itl_ms": 15.771865844726562,
          "content_chunks": 128,
          "prompt_tokens": 0,
          "completion_tokens": 0,
          "total_tokens": 0,
          "completion_units": 128,
          "tok_per_s": 52.22358221134231
        }
      ]
    },
    {
      "batch_index": 2,
      "phase": "run",
      "concurrency": 4,
      "batch_elapsed_ms": 2343,
      "success_count": 4,
      "failure_count": 0,
      "completion_units": 512,
      "aggregate_tok_per_s": 218.5232607767819,
      "requests": [
        {
          "batch_index": 2,
          "request_index": 1,
          "profile": "long4k",
          "prompt_file": "/home/ubuntu/Desktop/D-flash-eval/backend_compare/prompts/ctx8192.txt",
          "prompt_char_limit": 7300,
          "status": "ok",
          "elapsed_ms": 2338,
          "ttft_ms": 368.7734603881836,
          "mean_itl_ms": 15.506586690587321,
          "p50_itl_ms": 15.501976013183594,
          "p95_itl_ms": 15.778541564941406,
          "content_chunks": 128,
          "prompt_tokens": 0,
          "completion_tokens": 0,
          "total_tokens": 0,
          "completion_units": 128,
          "tok_per_s": 54.74764756201882
        },
        {
          "batch_index": 2,
          "request_index": 2,