{
  "model": "RedHatAI/Qwen3.5-4B-FP8-dynamic",
  "prompt_specs": "long4k:/home/ubuntu/Desktop/D-flash-eval/backend_compare/prompts/ctx8192.txt:7300:4",
  "max_tokens": 128,
  "concurrency": 4,
  "warmup_runs_excluded": 1,
  "measured_runs": 5,
  "total_requests": 20,
  "success_count": 20,
  "failure_count": 0,
  "status": "ok",
  "median_batch_elapsed_ms": 4708.0,
  "median_aggregate_tok_per_s": 108.75106202209005,
  "p50_request_elapsed_ms": 4694.5,
  "p95_request_elapsed_ms": 4710.0,
  "p50_ttft_ms": 2225.1874208450317,
  "p95_ttft_ms": 2309.7825050354004,
  "p50_itl_ms": 18.967270851135254,
  "p95_itl_ms": 19.29640769958496,
  "median_request_tok_per_s": 27.265957247928654,
  "profile_summary": {
    "long4k": {
      "count": 20,
      "prompt_tokens": 0.0,
      "p50_ttft_ms": 2225.1874208450317,
      "p95_ttft_ms": 2309.7825050354004,
      "p50_itl_ms": 18.967270851135254,
      "p95_itl_ms": 19.29640769958496,
      "p50_elapsed_ms": 4694.5,
      "p95_elapsed_ms": 4710.0
    }
  },
  "warmups": [
    {
      "batch_index": 1,
      "phase": "warmup",
      "concurrency": 4,
      "batch_elapsed_ms": 4763,
      "success_count": 4,
      "failure_count": 0,
      "completion_units": 512,
      "aggregate_tok_per_s": 107.49527608650011,
      "requests": [
        {
          "batch_index": 1,
          "request_index": 1,
          "profile": "long4k",
          "prompt_file": "/home/ubuntu/Desktop/D-flash-eval/backend_compare/prompts/ctx8192.txt",
          "prompt_char_limit": 7300,
          "status": "ok",
          "elapsed_ms": 4729,
          "ttft_ms": 1099.6572971343994,
          "mean_itl_ms": 28.579529814832792,
          "p50_itl_ms": 18.955707550048828,
          "p95_itl_ms": 19.25945281982422,
          "content_chunks": 128,
          "prompt_tokens": 0,
          "completion_tokens": 0,
          "total_tokens": 0,
          "completion_units": 128,
          "tok_per_s": 27.06703319940791
        },
        {
          "batch_index": 1,
          "request_index": 2,
          "profile": "long4k",
          "prompt_file": "/home/ubuntu/Desktop/D-flash-eval/backend_compare/prompts/ctx8192.txt",
          "prompt_char_limit": 7300,
          "status": "ok",
          "elapsed_ms": 4747,
          "ttft_ms": 1985.839605331421,
          "mean_itl_ms": 21.74247155977985,
          "p50_itl_ms": 18.957138061523438,
          "p95_itl_ms": 19.237995147705078,
          "content_chunks": 128,
          "prompt_tokens": 0,
          "completion_tokens": 0,
          "total_tokens": 0,
          "completion_units": 128,
          "tok_per_s": 26.964398567516326
        },
        {
          "batch_index": 1,
          "request_index": 3,
          "profile": "long4k",
          "prompt_file": "/home/ubuntu/Desktop/D-flash-eval/backend_compare/prompts/ctx8192.txt",
          "prompt_char_limit": 7300,
          "status": "ok",
          "elapsed_ms": 4760,
          "ttft_ms": 2360.0401878356934,
          "mean_itl_ms": 18.892701216570035,
          "p50_itl_ms": 18.95618438720703,
          "p95_itl_ms": 19.29950714111328,
          "content_chunks": 128,
          "prompt_tokens": 0,
          "completion_tokens": 0,
          "total_tokens": 0,
          "completion_units": 128,
          "tok_per_s": 26.89075630252101
        },
        {
          "batch_index": 1,
          "request_index": 4,
          "profile": "long4k",
          "prompt_file": "/home/ubuntu/Desktop/D-flash-eval/backend_compare/prompts/ctx8192.txt",
          "prompt_char_limit": 7300,
          "status": "ok",
          "elapsed_ms": 4759,
          "ttft_ms": 2359.57407951355,
          "mean_itl_ms": 18.89285703343669,
          "p50_itl_ms": 18.944501876831055,
          "p95_itl_ms": 19.263744354248047,
          "content_chunks": 128,
          "prompt_tokens": 0,
          "completion_tokens": 0,
          "total_tokens": 0,
          "completion_units": 128,
          "tok_per_s": 26.89640680815297
        }
      ]
    }
  ],
  "runs": [
    {
      "batch_index": 1,
      "phase": "run",
      "concurrency": 4,
      "batch_elapsed_ms": 4714,
      "success_count": 4,
      "failure_count": 0,
      "completion_units": 512,
      "aggregate_tok_per_s": 108.61264319049639,
      "requests": [
        {
          "batch_index": 1,
          "request_index": 1,
          "profile": "long4k",
          "prompt_file": "/home/ubuntu/Desktop/D-flash-eval/backend_compare/prompts/ctx8192.txt",
          "prompt_char_limit": 7300,
          "status": "ok",
          "elapsed_ms": 4680,
          "ttft_ms": 1049.4167804718018,
          "mean_itl_ms": 28.589289958082784,
          "p50_itl_ms": 18.968582153320312,
          "p95_itl_ms": 19.240379333496094,
          "content_chunks": 128,
          "prompt_tokens": 0,
          "completion_tokens": 0,
          "total_tokens": 0,
          "completion_units": 128,
          "tok_per_s": 27.350427350427353
        },
        {
          "batch_index": 1,
          "request_index": 2,
          "profile": "long4k",
          "prompt_file": "/home/ubuntu/Desktop/D-flash-eval/backend_compare/prompts/ctx8192.txt",
          "prompt_char_limit": 7300,
          "status": "ok",
          "elapsed_ms": 4711,
          "ttft_ms": 2309.875726699829,
          "mean_itl_ms": 18.910804132776935,
          "p50_itl_ms": 18.964529037475586,
          "p95_itl_ms": 19.205570220947266,
          "content_chunks": 128,
          "prompt_tokens": 0,
          "completion_tokens": 0,
          "total_tokens": 0,
          "completion_units": 128,
          "tok_per_s": 27.17045213330503
        },
        {
          "batch_index": 1,
          "request_index": 3,
          "profile": "long4k",
          "prompt_file": "/home/ubuntu/Desktop/D-flash-eval/backend_compare/prompts/ctx8192.txt",
          "prompt_char_limit": 7300,
          "status": "ok",
          "elapsed_ms": 4697,
          "ttft_ms": 1935.9724521636963,
          "mean_itl_ms": 21.74624120156596,
          "p50_itl_ms": 18.97740364074707,
          "p95_itl_ms": 19.232749938964844,
          "content_chunks": 128,
          "prompt_tokens": 0,
          "completion_tokens": 0,
          "total_tokens": 0,
          "completion_units": 128,
          "tok_per_s": 27.251437087502662
        },
        {
          "batch_index": 1,
          "request_index": 4,
          "profile": "long4k",
          "prompt_file": "/home/ubuntu/Desktop/D-flash-eval/backend_compare/prompts/ctx8192.txt",
          "prompt_char_limit": 7300,
          "status": "ok",
          "elapsed_ms": 4709,
          "ttft_ms": 2309.3504905700684,
          "mean_itl_ms": 18.90229991101843,
          "p50_itl_ms": 18.965959548950195,
          "p95_itl_ms": 19.239425659179688,
          "content_chunks": 128,
          "prompt_tokens": 0,
          "completion_tokens": 0,
          "total_tokens": 0,
          "completion_units": 128,
          "tok_per_s": 27.181991930346147
        }
      ]
    },
    {
      "batch_index": 2,
      "phase": "run",
      "concurrency": 4,
      "batch_elapsed_ms": 4708,
      "success_count": 4,
      "failure_count": 0,
      "completion_units": 512,
      "aggregate_tok_per_s": 108.75106202209005,
      "requests": [
        {
          "batch_index": 2,
          "request_index": 1,
          "profile": "long4k",
          "prompt_file": "/home/ubuntu/Desktop/D-flash-eval/backend_compare/prompts/ctx8192.txt",
          "prompt_char_limit": 7300,
          "status": "ok",
          "elapsed_ms": 4706,
          "ttft_ms": 2305.354595184326,
          "mean_itl_ms": 18.90730857849121,
          "p50_itl_ms": 18.947839736938477,
          "p95_itl_ms": 19.24586296081543,
          "content_chunks": 128,
          "prompt_tokens": 0,
          "completion_tokens": 0,
          "total_tokens": 0,
          "completion_units": 128,
          "tok_per_s": 27.19932001699957
        },
        {
          "batch_index": 2,
          "request_index": 2,