{
  "model": "RedHatAI/Qwen3.5-4B-FP8-dynamic",
  "prompt_specs": "long4k:/home/ubuntu/Desktop/D-flash-eval/backend_compare/prompts/ctx8192.txt:7300:4",
  "max_tokens": 128,
  "concurrency": 4,
  "warmup_runs_excluded": 1,
  "measured_runs": 5,
  "total_requests": 20,
  "success_count": 20,
  "failure_count": 0,
  "status": "ok",
  "median_batch_elapsed_ms": 2119.0,
  "median_aggregate_tok_per_s": 241.623407267579,
  "p50_request_elapsed_ms": 2113.5,
  "p95_request_elapsed_ms": 2234.0,
  "p50_ttft_ms": 134.1547966003418,
  "p95_ttft_ms": 253.74865531921387,
  "p50_itl_ms": 15.549898147583008,
  "p95_itl_ms": 15.915155410766602,
  "median_request_tok_per_s": 60.56305046786551,
  "profile_summary": {
    "long4k": {
      "count": 20,
      "prompt_tokens": 0.0,
      "p50_ttft_ms": 134.1547966003418,
      "p95_ttft_ms": 253.74865531921387,
      "p50_itl_ms": 15.549898147583008,
      "p95_itl_ms": 15.915155410766602,
      "p50_elapsed_ms": 2113.5,
      "p95_elapsed_ms": 2234.0
    }
  },
  "warmups": [
    {
      "batch_index": 1,
      "phase": "warmup",
      "concurrency": 4,
      "batch_elapsed_ms": 2474,
      "success_count": 4,
      "failure_count": 0,
      "completion_units": 512,
      "aggregate_tok_per_s": 206.95230396119644,
      "requests": [
        {
          "batch_index": 1,
          "request_index": 1,
          "profile": "long4k",
          "prompt_file": "/home/ubuntu/Desktop/D-flash-eval/backend_compare/prompts/ctx8192.txt",
          "prompt_char_limit": 7300,
          "status": "ok",
          "elapsed_ms": 2467,
          "ttft_ms": 490.710973739624,
          "mean_itl_ms": 15.567073671836553,
          "p50_itl_ms": 15.546560287475586,
          "p95_itl_ms": 15.872478485107422,
          "content_chunks": 128,
          "prompt_tokens": 0,
          "completion_tokens": 0,
          "total_tokens": 0,
          "completion_units": 128,
          "tok_per_s": 51.88488042156465
        },
        {
          "batch_index": 1,
          "request_index": 2,
          "profile": "long4k",
          "prompt_file": "/home/ubuntu/Desktop/D-flash-eval/backend_compare/prompts/ctx8192.txt",
          "prompt_char_limit": 7300,
          "status": "ok",
          "elapsed_ms": 2468,
          "ttft_ms": 490.4592037200928,
          "mean_itl_ms": 15.575542224673775,
          "p50_itl_ms": 15.553712844848633,
          "p95_itl_ms": 15.792369842529297,
          "content_chunks": 128,
          "prompt_tokens": 0,
          "completion_tokens": 0,
          "total_tokens": 0,
          "completion_units": 128,
          "tok_per_s": 51.86385737439222
        },
        {
          "batch_index": 1,
          "request_index": 3,
          "profile": "long4k",
          "prompt_file": "/home/ubuntu/Desktop/D-flash-eval/backend_compare/prompts/ctx8192.txt",
          "prompt_char_limit": 7300,
          "status": "ok",
          "elapsed_ms": 2469,
          "ttft_ms": 490.30160903930664,
          "mean_itl_ms": 15.583066489752822,
          "p50_itl_ms": 15.577554702758789,
          "p95_itl_ms": 15.841960906982422,
          "content_chunks": 128,
          "prompt_tokens": 0,
          "completion_tokens": 0,
          "total_tokens": 0,
          "completion_units": 128,
          "tok_per_s": 51.84285135682463
        },
        {
          "batch_index": 1,
          "request_index": 4,
          "profile": "long4k",
          "prompt_file": "/home/ubuntu/Desktop/D-flash-eval/backend_compare/prompts/ctx8192.txt",
          "prompt_char_limit": 7300,
          "status": "ok",
          "elapsed_ms": 2470,
          "ttft_ms": 489.8078441619873,
          "mean_itl_ms": 15.585309877170353,
          "p50_itl_ms": 15.537023544311523,
          "p95_itl_ms": 15.798568725585938,
          "content_chunks": 128,
          "prompt_tokens": 0,
          "completion_tokens": 0,
          "total_tokens": 0,
          "completion_units": 128,
          "tok_per_s": 51.821862348178136
        }
      ]
    }
  ],
  "runs": [
    {
      "batch_index": 1,
      "phase": "run",
      "concurrency": 4,
      "batch_elapsed_ms": 2238,
      "success_count": 4,
      "failure_count": 0,
      "completion_units": 512,
      "aggregate_tok_per_s": 228.77569258266308,
      "requests": [
        {
          "batch_index": 1,
          "request_index": 1,
          "profile": "long4k",
          "prompt_file": "/home/ubuntu/Desktop/D-flash-eval/backend_compare/prompts/ctx8192.txt",
          "prompt_char_limit": 7300,
          "status": "ok",
          "elapsed_ms": 2231,
          "ttft_ms": 254.18591499328613,
          "mean_itl_ms": 15.569835197268509,
          "p50_itl_ms": 15.552759170532227,
          "p95_itl_ms": 15.828371047973633,
          "content_chunks": 128,
          "prompt_tokens": 0,
          "completion_tokens": 0,
          "total_tokens": 0,
          "completion_units": 128,
          "tok_per_s": 57.37337516808606
        },
        {
          "batch_index": 1,
          "request_index": 2,
          "profile": "long4k",
          "prompt_file": "/home/ubuntu/Desktop/D-flash-eval/backend_compare/prompts/ctx8192.txt",
          "prompt_char_limit": 7300,
          "status": "ok",
          "elapsed_ms": 2232,
          "ttft_ms": 253.74865531921387,
          "mean_itl_ms": 15.581418210127222,
          "p50_itl_ms": 15.567302703857422,
          "p95_itl_ms": 15.759944915771484,
          "content_chunks": 128,
          "prompt_tokens": 0,
          "completion_tokens": 0,
          "total_tokens": 0,
          "completion_units": 128,
          "tok_per_s": 57.34767025089605
        },
        {
          "batch_index": 1,
          "request_index": 3,
          "profile": "long4k",
          "prompt_file": "/home/ubuntu/Desktop/D-flash-eval/backend_compare/prompts/ctx8192.txt",
          "prompt_char_limit": 7300,
          "status": "ok",
          "elapsed_ms": 2234,
          "ttft_ms": 104.89916801452637,
          "mean_itl_ms": 16.7685324751486,
          "p50_itl_ms": 15.568971633911133,
          "p95_itl_ms": 15.801191329956055,
          "content_chunks": 128,
          "prompt_tokens": 0,
          "completion_tokens": 0,
          "total_tokens": 0,
          "completion_units": 128,
          "tok_per_s": 57.29632945389436
        },
        {
          "batch_index": 1,
          "request_index": 4,
          "profile": "long4k",
          "prompt_file": "/home/ubuntu/Desktop/D-flash-eval/backend_compare/prompts/ctx8192.txt",
          "prompt_char_limit": 7300,
          "status": "ok",
          "elapsed_ms": 2235,
          "ttft_ms": 253.41534614562988,
          "mean_itl_ms": 15.605857053140955,
          "p50_itl_ms": 15.563726425170898,
          "p95_itl_ms": 15.830755233764648,
          "content_chunks": 128,
          "prompt_tokens": 0,
          "completion_tokens": 0,
          "total_tokens": 0,
          "completion_units": 128,
          "tok_per_s": 57.270693512304256
        }
      ]
    },
    {
      "batch_index": 2,
      "phase": "run",
      "concurrency": 4,
      "batch_elapsed_ms": 2117,
      "success_count": 4,
      "failure_count": 0,
      "completion_units": 512,
      "aggregate_tok_per_s": 241.8516769012754,
      "requests": [
        {
          "batch_index": 2,
          "request_index": 1,
          "profile": "long4k",
          "prompt_file": "/home/ubuntu/Desktop/D-flash-eval/backend_compare/prompts/ctx8192.txt",
          "prompt_char_limit": 7300,
          "status": "ok",
          "elapsed_ms": 2112,
          "ttft_ms": 46.50163650512695,
          "mean_itl_ms": 16.245481536144347,
          "p50_itl_ms": 15.542745590209961,
          "p95_itl_ms": 15.758514404296875,
          "content_chunks": 128,
          "prompt_tokens": 0,
          "completion_tokens": 0,
          "total_tokens": 0,
          "completion_units": 128,
          "tok_per_s": 60.6060606060606
        },
        {
          "batch_index": 2,