{
  "model": "RedHatAI/Qwen3.5-4B-FP8-dynamic",
  "prompt_specs": "long4k:/home/ubuntu/Desktop/D-flash-eval/backend_compare/prompts/ctx8192.txt:7300:4",
  "max_tokens": 128,
  "concurrency": 4,
  "warmup_runs_excluded": 1,
  "measured_runs": 5,
  "total_requests": 20,
  "success_count": 20,
  "failure_count": 0,
  "status": "ok",
  "median_batch_elapsed_ms": 4687.0,
  "median_aggregate_tok_per_s": 109.02496266268402,
  "p50_request_elapsed_ms": 4670.5,
  "p95_request_elapsed_ms": 4701.0,
  "p50_ttft_ms": 2039.4237041473389,
  "p95_ttft_ms": 2286.229372024536,
  "p50_itl_ms": 18.98336410522461,
  "p95_itl_ms": 19.355297088623047,
  "median_request_tok_per_s": 27.335825191557383,
  "profile_summary": {
    "long4k": {
      "count": 20,
      "prompt_tokens": 0.0,
      "p50_ttft_ms": 2039.4237041473389,
      "p95_ttft_ms": 2286.229372024536,
      "p50_itl_ms": 18.98336410522461,
      "p95_itl_ms": 19.355297088623047,
      "p50_elapsed_ms": 4670.5,
      "p95_elapsed_ms": 4701.0
    }
  },
  "warmups": [
    {
      "batch_index": 1,
      "phase": "warmup",
      "concurrency": 4,
      "batch_elapsed_ms": 5654,
      "success_count": 4,
      "failure_count": 0,
      "completion_units": 511,
      "aggregate_tok_per_s": 90.37849310222852,
      "requests": [
        {
          "batch_index": 1,
          "request_index": 1,
          "profile": "long4k",
          "prompt_file": "/home/ubuntu/Desktop/D-flash-eval/backend_compare/prompts/ctx8192.txt",
          "prompt_char_limit": 7300,
          "status": "ok",
          "elapsed_ms": 4705,
          "ttft_ms": 1894.7134017944336,
          "mean_itl_ms": 22.13049122667688,
          "p50_itl_ms": 18.967628479003906,
          "p95_itl_ms": 19.28424835205078,
          "content_chunks": 128,
          "prompt_tokens": 0,
          "completion_tokens": 0,
          "total_tokens": 0,
          "completion_units": 128,
          "tok_per_s": 27.20510095642933
        },
        {
          "batch_index": 1,
          "request_index": 2,
          "profile": "long4k",
          "prompt_file": "/home/ubuntu/Desktop/D-flash-eval/backend_compare/prompts/ctx8192.txt",
          "prompt_char_limit": 7300,
          "status": "ok",
          "elapsed_ms": 5652,
          "ttft_ms": 2334.8374366760254,
          "mean_itl_ms": 26.12402119974452,
          "p50_itl_ms": 18.987655639648438,
          "p95_itl_ms": 19.254446029663086,
          "content_chunks": 128,
          "prompt_tokens": 0,
          "completion_tokens": 0,
          "total_tokens": 0,
          "completion_units": 128,
          "tok_per_s": 22.64685067232838
        },
        {
          "batch_index": 1,
          "request_index": 3,
          "profile": "long4k",
          "prompt_file": "/home/ubuntu/Desktop/D-flash-eval/backend_compare/prompts/ctx8192.txt",
          "prompt_char_limit": 7300,
          "status": "ok",
          "elapsed_ms": 4686,
          "ttft_ms": 1361.307144165039,
          "mean_itl_ms": 26.179103400763566,
          "p50_itl_ms": 18.976926803588867,
          "p95_itl_ms": 19.277095794677734,
          "content_chunks": 128,
          "prompt_tokens": 0,
          "completion_tokens": 0,
          "total_tokens": 0,
          "completion_units": 128,
          "tok_per_s": 27.31540759709774
        },
        {
          "batch_index": 1,
          "request_index": 4,
          "profile": "long4k",
          "prompt_file": "/home/ubuntu/Desktop/D-flash-eval/backend_compare/prompts/ctx8192.txt",
          "prompt_char_limit": 7300,
          "status": "ok",
          "elapsed_ms": 5649,
          "ttft_ms": 2257.8208446502686,
          "mean_itl_ms": 26.919565503559415,
          "p50_itl_ms": 18.97251605987549,
          "p95_itl_ms": 19.312381744384766,
          "content_chunks": 127,
          "prompt_tokens": 0,
          "completion_tokens": 0,
          "total_tokens": 0,
          "completion_units": 127,
          "tok_per_s": 22.481855195609842
        }
      ]
    }
  ],
  "runs": [
    {
      "batch_index": 1,
      "phase": "run",
      "concurrency": 4,
      "batch_elapsed_ms": 4715,
      "success_count": 4,
      "failure_count": 0,
      "completion_units": 511,
      "aggregate_tok_per_s": 108.37751855779428,
      "requests": [
        {
          "batch_index": 1,
          "request_index": 1,
          "profile": "long4k",
          "prompt_file": "/home/ubuntu/Desktop/D-flash-eval/backend_compare/prompts/ctx8192.txt",
          "prompt_char_limit": 7300,
          "status": "ok",
          "elapsed_ms": 4666,
          "ttft_ms": 1339.256763458252,
          "mean_itl_ms": 26.201753165778214,
          "p50_itl_ms": 18.985271453857422,
          "p95_itl_ms": 19.297122955322266,
          "content_chunks": 128,
          "prompt_tokens": 0,
          "completion_tokens": 0,
          "total_tokens": 0,
          "completion_units": 128,
          "tok_per_s": 27.432490355765108
        },
        {
          "batch_index": 1,
          "request_index": 2,
          "profile": "long4k",
          "prompt_file": "/home/ubuntu/Desktop/D-flash-eval/backend_compare/prompts/ctx8192.txt",
          "prompt_char_limit": 7300,
          "status": "ok",
          "elapsed_ms": 4684,
          "ttft_ms": 1872.9352951049805,
          "mean_itl_ms": 22.140309566587913,
          "p50_itl_ms": 18.9664363861084,
          "p95_itl_ms": 19.307851791381836,
          "content_chunks": 128,
          "prompt_tokens": 0,
          "completion_tokens": 0,
          "total_tokens": 0,
          "completion_units": 128,
          "tok_per_s": 27.327070879590092
        },
        {
          "batch_index": 1,
          "request_index": 3,
          "profile": "long4k",
          "prompt_file": "/home/ubuntu/Desktop/D-flash-eval/backend_compare/prompts/ctx8192.txt",
          "prompt_char_limit": 7300,
          "status": "ok",
          "elapsed_ms": 4714,
          "ttft_ms": 2313.6041164398193,
          "mean_itl_ms": 18.90100456598237,
          "p50_itl_ms": 18.977642059326172,
          "p95_itl_ms": 19.328594207763672,
          "content_chunks": 128,
          "prompt_tokens": 0,
          "completion_tokens": 0,
          "total_tokens": 0,
          "completion_units": 128,
          "tok_per_s": 27.153160797624096
        },
        {
          "batch_index": 1,
          "request_index": 4,
          "profile": "long4k",
          "prompt_file": "/home/ubuntu/Desktop/D-flash-eval/backend_compare/prompts/ctx8192.txt",
          "prompt_char_limit": 7300,
          "status": "ok",
          "elapsed_ms": 4701,
          "ttft_ms": 2236.75799369812,
          "mean_itl_ms": 19.56156132713197,
          "p50_itl_ms": 18.979310989379883,
          "p95_itl_ms": 19.252538681030273,
          "content_chunks": 127,
          "prompt_tokens": 0,
          "completion_tokens": 0,
          "total_tokens": 0,
          "completion_units": 127,
          "tok_per_s": 27.015528610933845
        }
      ]
    },
    {
      "batch_index": 2,
      "phase": "run",
      "concurrency": 4,
      "batch_elapsed_ms": 4687,
      "success_count": 4,
      "failure_count": 0,
      "completion_units": 511,
      "aggregate_tok_per_s": 109.02496266268402,
      "requests": [
        {
          "batch_index": 2,
          "request_index": 1,
          "profile": "long4k",
          "prompt_file": "/home/ubuntu/Desktop/D-flash-eval/backend_compare/prompts/ctx8192.txt",
          "prompt_char_limit": 7300,
          "status": "ok",
          "elapsed_ms": 4656,
          "ttft_ms": 1844.435214996338,
          "mean_itl_ms": 22.142134313508283,
          "p50_itl_ms": 18.98193359375,
          "p95_itl_ms": 19.219398498535156,
          "content_chunks": 128,
          "prompt_tokens": 0,
          "completion_tokens": 0,
          "total_tokens": 0,
          "completion_units": 128,
          "tok_per_s": 27.491408934707906
        },
        {
          "batch_index": 2,
          "request_index": 2,